{"cameraMode":{"drawMode":0,"name":"Shaded","section":"Shading Mode"},"sceneLighting":false,"audioPlay":false,"sceneViewState":{"showFog":true,"showMaterialUpdate":true,"showSkybox":false,"showFlares":true,"showImageEffects":true,"showParticleSystems":true,"showVisualEffectGraphs":true,"m_FxEnabled":true},"in2DMode":false,"pivot":{"x":-0.10999999195337296,"y":-0.8399999737739563,"z":1.7100000381469727},"rotation":{"x":0.1432211548089981,"y":0.0000071902131821843799,"z":-0.0004309049982111901,"w":0.9897390007972717},"size":0.25980764627456667,"orthographic":false}