{"cameraMode":{"drawMode":0,"name":"Shaded","section":"Shading Mode"},"sceneLighting":true,"audioPlay":false,"sceneViewState":{"showFog":true,"showMaterialUpdate":true,"showSkybox":true,"showFlares":true,"showImageEffects":true,"showParticleSystems":true,"showVisualEffectGraphs":true,"m_FxEnabled":true},"in2DMode":false,"pivot":{"x":-10.065229415893555,"y":10.044776916503907,"z":-30.059324264526368},"rotation":{"x":-0.01933729276061058,"y":-0.9644591808319092,"z":-0.07516919076442719,"w":0.25270962715148928},"size":18.450443267822267,"orthographic":false}