{"cameraMode":{"drawMode":0,"name":"Shaded","section":"Shading Mode"},"sceneLighting":true,"audioPlay":false,"sceneViewState":{"showFog":true,"showMaterialUpdate":true,"showSkybox":true,"showFlares":true,"showImageEffects":true,"showParticleSystems":true,"showVisualEffectGraphs":true,"m_FxEnabled":true},"in2DMode":false,"pivot":{"x":0.4499882757663727,"y":12.438525199890137,"z":66.20018768310547},"rotation":{"x":-0.0782138928771019,"y":-0.004385023843497038,"z":-0.0007770155789330602,"w":0.9969844222068787},"size":116.42547607421875,"orthographic":false}