{"cameraMode":{"drawMode":0,"name":"Shaded","section":"Shading Mode"},"sceneLighting":true,"audioPlay":false,"sceneViewState":{"showFog":true,"showMaterialUpdate":true,"showSkybox":true,"showFlares":true,"showImageEffects":true,"showParticleSystems":true,"showVisualEffectGraphs":true,"m_FxEnabled":true},"in2DMode":false,"pivot":{"x":1.7732264995574952,"y":-1.5837678909301758,"z":-1.1411495208740235},"rotation":{"x":0.10302074998617172,"y":0.010468583554029465,"z":-0.0015103555051609874,"w":0.9946829080581665},"size":16.031322479248048,"orthographic":false}